1590222;Houdijk;;Eric;geheim1
1718918;Chamoun;;Bashar;geheim2
1721762;Rijnders;;Thijs;geheim3
1722320;Goossens;;Michele;geheim4
1726664;Kastar;;Kastar;geheim5
1733925;Goes;;Kevin;geheim6
1734053;Tjaris;;Soerano;geheim7
1734341;Zhang;;Lida;geheim8
1735205;Hosman;;Étienne;geheim9
1738358;Rijk;de;Damian;geheim10
1739016;Heiden;van der;Leon;geheim11
1739467;Ulden;van;Bram;geheim12
1739573;Gadella;;Rick;geheim13
1739848;Kruijf;de;Cor;geheim14
1739877;Lissenberg;;Kees;geheim15
1741216;Bressers;;Max;geheim16
1742011;Sewnarain Sukul;;Yash;geheim17
1742061;Ree;van der;Bastiaan;geheim18
1742220;Clijnk;;Mart;geheim19
1742245;Arissen;;Maurits;geheim20
1743045;Hidraoui;El;Redouan;geheim21
1743212;Tamás;;Gergo;geheim22
1743542;Jacobs;;Thomas;geheim23
1743650;Nshimimana;;Arlin Nshimimana;geheim24
1744161;Co?kun;;Erdem;geheim25
1744394;Es;van;Jeffrey;geheim26
1745773;Sondaar;;Kristiaan;geheim27
1746452;Chin A Sen;;Guillaume;geheim28
1748635;Kreuningen;van;Mark;geheim29
1748810;Abdulla;;Ara;geheim30
1750781;Dijk;van;Timo;geheim31
1750950;Hal;van;Quilliano;geheim32
